SampleName,SampleIDforlookup,Plate#,Well,PrimerPlate,Forward Primer Num.,Read 2 Barcode Sequence,Read2 RC Barcode Sequence,Reverse Primer Num. ,Read1 Barcode Sequence,Read 1 Bacode Reverse Complement  Sequence
14_x_3_Rh-Plate1A1,14.x.3.Rh,Plate1,A1,1,5.8SFun_S_24_01,CCTAAACTACGG,CCGTAGTTTAGG,ITS4Fun_S_24_01,CCTAAACTACGG,CCGTAGTTTAGG
22_1_1_S-Plate1B1,22.1.1.S,Plate1,B1,1,5.8SFun_S_24_02,GTGGTATGGGAG,CTCCCATACCAC,ITS4Fun_S_24_01,CCTAAACTACGG,CCGTAGTTTAGG
15_1_2_S-Plate1C1,15.1.2.S,Plate1,C1,1,5.8SFun_S_24_03,TGTTGCGTTTCT,AGAAACGCAACA,ITS4Fun_S_24_01,CCTAAACTACGG,CCGTAGTTTAGG
11_1_5_S-Plate1D1,11.1.5.S,Plate1,D1,1,5.8SFun_S_24_04,ACAGCCACCCAT,ATGGGTGGCTGT,ITS4Fun_S_24_01,CCTAAACTACGG,CCGTAGTTTAGG
24_1_3_S-Plate1E1,24.1.3.S,Plate1,E1,1,5.8SFun_S_24_05,GTTACGTGGTTG,CAACCACGTAAC,ITS4Fun_S_24_01,CCTAAACTACGG,CCGTAGTTTAGG
16_2_2_S-Plate1F1,16.2.2.S,Plate1,F1,1,5.8SFun_S_24_06,TACCGGCTTGCA,TGCAAGCCGGTA,ITS4Fun_S_24_01,CCTAAACTACGG,CCGTAGTTTAGG
22_1_3_S-Plate1G1,22.1.3.S,Plate1,G1,1,5.8SFun_S_24_07,TGCAGATCCAAC,GTTGGATCTGCA,ITS4Fun_S_24_01,CCTAAACTACGG,CCGTAGTTTAGG
17_x_2_Rh-Plate1H1,17.x.2.Rh,Plate1,H1,1,5.8SFun_S_24_08,TTAACTGGAAGC,GCTTCCAGTTAA,ITS4Fun_S_24_01,CCTAAACTACGG,CCGTAGTTTAGG
20_2_1_S-Plate1A2,20.2.1.S,Plate1,A2,1,5.8SFun_S_24_01,CCTAAACTACGG,CCGTAGTTTAGG,ITS4Fun_S_24_02,GTGGTATGGGAG,CTCCCATACCAC
13_2_3_S-Plate1B2,13.2.3.S,Plate1,B2,1,5.8SFun_S_24_02,GTGGTATGGGAG,CTCCCATACCAC,ITS4Fun_S_24_02,GTGGTATGGGAG,CTCCCATACCAC
8_2_2_S-Plate1C2,8.2.2.S,Plate1,C2,1,5.8SFun_S_24_03,TGTTGCGTTTCT,AGAAACGCAACA,ITS4Fun_S_24_02,GTGGTATGGGAG,CTCCCATACCAC
11_2_5_S-Plate1D2,11.2.5.S,Plate1,D2,1,5.8SFun_S_24_04,ACAGCCACCCAT,ATGGGTGGCTGT,ITS4Fun_S_24_02,GTGGTATGGGAG,CTCCCATACCAC
14_2_2_S-Plate1E2,14.2.2.S,Plate1,E2,1,5.8SFun_S_24_05,GTTACGTGGTTG,CAACCACGTAAC,ITS4Fun_S_24_02,GTGGTATGGGAG,CTCCCATACCAC
1_1_1_S-Plate1F2,1.1.1.S,Plate1,F2,1,5.8SFun_S_24_06,TACCGGCTTGCA,TGCAAGCCGGTA,ITS4Fun_S_24_02,GTGGTATGGGAG,CTCCCATACCAC
14_2_3_S-Plate1G2,14.2.3.S,Plate1,G2,1,5.8SFun_S_24_07,TGCAGATCCAAC,GTTGGATCTGCA,ITS4Fun_S_24_02,GTGGTATGGGAG,CTCCCATACCAC
13_1_5_S-Plate1H2,13.1.5.S,Plate1,H2,1,5.8SFun_S_24_08,TTAACTGGAAGC,GCTTCCAGTTAA,ITS4Fun_S_24_02,GTGGTATGGGAG,CTCCCATACCAC
11_1_1_S-Plate1A3,11.1.1.S,Plate1,A3,1,5.8SFun_S_24_01,CCTAAACTACGG,CCGTAGTTTAGG,ITS4Fun_S_24_03,TGTTGCGTTTCT,AGAAACGCAACA
16_1_3_S-Plate1B3,16.1.3.S,Plate1,B3,1,5.8SFun_S_24_02,GTGGTATGGGAG,CTCCCATACCAC,ITS4Fun_S_24_03,TGTTGCGTTTCT,AGAAACGCAACA
20_2_5_S-Plate1C3,20.2.5.S,Plate1,C3,1,5.8SFun_S_24_03,TGTTGCGTTTCT,AGAAACGCAACA,ITS4Fun_S_24_03,TGTTGCGTTTCT,AGAAACGCAACA
21_2_2_S-Plate1D3,21.2.2.S,Plate1,D3,1,5.8SFun_S_24_04,ACAGCCACCCAT,ATGGGTGGCTGT,ITS4Fun_S_24_03,TGTTGCGTTTCT,AGAAACGCAACA
17_1_1_S-Plate1E3,17.1.1.S,Plate1,E3,1,5.8SFun_S_24_05,GTTACGTGGTTG,CAACCACGTAAC,ITS4Fun_S_24_03,TGTTGCGTTTCT,AGAAACGCAACA
16_2_3_S-Plate1F3,16.2.3.S,Plate1,F3,1,5.8SFun_S_24_06,TACCGGCTTGCA,TGCAAGCCGGTA,ITS4Fun_S_24_03,TGTTGCGTTTCT,AGAAACGCAACA
1_2_2_S-Plate1G3,1.2.2.S,Plate1,G3,1,5.8SFun_S_24_07,TGCAGATCCAAC,GTTGGATCTGCA,ITS4Fun_S_24_03,TGTTGCGTTTCT,AGAAACGCAACA
20_1_5_S-Plate1H3,20.1.5.S,Plate1,H3,1,5.8SFun_S_24_08,TTAACTGGAAGC,GCTTCCAGTTAA,ITS4Fun_S_24_03,TGTTGCGTTTCT,AGAAACGCAACA
17_1_5_S-Plate1A4,17.1.5.S,Plate1,A4,1,5.8SFun_S_24_01,CCTAAACTACGG,CCGTAGTTTAGG,ITS4Fun_S_24_04,ACAGCCACCCAT,ATGGGTGGCTGT
3_1_2_S-Plate1B4,3.1.2.S,Plate1,B4,1,5.8SFun_S_24_02,GTGGTATGGGAG,CTCCCATACCAC,ITS4Fun_S_24_04,ACAGCCACCCAT,ATGGGTGGCTGT
11_1_3_S-Plate1C4,11.1.3.S,Plate1,C4,1,5.8SFun_S_24_03,TGTTGCGTTTCT,AGAAACGCAACA,ITS4Fun_S_24_04,ACAGCCACCCAT,ATGGGTGGCTGT
3_2_1_S-Plate1D4,3.2.1.S,Plate1,D4,1,5.8SFun_S_24_04,ACAGCCACCCAT,ATGGGTGGCTGT,ITS4Fun_S_24_04,ACAGCCACCCAT,ATGGGTGGCTGT
2_1_1_S-Plate1E4,2.1.1.S,Plate1,E4,1,5.8SFun_S_24_05,GTTACGTGGTTG,CAACCACGTAAC,ITS4Fun_S_24_04,ACAGCCACCCAT,ATGGGTGGCTGT
23_1_3_S-Plate1F4,23.1.3.S,Plate1,F4,1,5.8SFun_S_24_06,TACCGGCTTGCA,TGCAAGCCGGTA,ITS4Fun_S_24_04,ACAGCCACCCAT,ATGGGTGGCTGT
9_1_5_S-Plate1G4,9.1.5.S,Plate1,G4,1,5.8SFun_S_24_07,TGCAGATCCAAC,GTTGGATCTGCA,ITS4Fun_S_24_04,ACAGCCACCCAT,ATGGGTGGCTGT
1_1_2_S-Plate1H4,1.1.2.S,Plate1,H4,1,5.8SFun_S_24_08,TTAACTGGAAGC,GCTTCCAGTTAA,ITS4Fun_S_24_04,ACAGCCACCCAT,ATGGGTGGCTGT
15_1_1_S-Plate1A5,15.1.1.S,Plate1,A5,1,5.8SFun_S_24_01,CCTAAACTACGG,CCGTAGTTTAGG,ITS4Fun_S_24_05,GTTACGTGGTTG,CAACCACGTAAC
20_2_3_S-Plate1B5,20.2.3.S,Plate1,B5,1,5.8SFun_S_24_02,GTGGTATGGGAG,CTCCCATACCAC,ITS4Fun_S_24_05,GTTACGTGGTTG,CAACCACGTAAC
13_2_5_S-Plate1C5,13.2.5.S,Plate1,C5,1,5.8SFun_S_24_03,TGTTGCGTTTCT,AGAAACGCAACA,ITS4Fun_S_24_05,GTTACGTGGTTG,CAACCACGTAAC
16_1_2_S-Plate1D5,16.1.2.S,Plate1,D5,1,5.8SFun_S_24_04,ACAGCCACCCAT,ATGGGTGGCTGT,ITS4Fun_S_24_05,GTTACGTGGTTG,CAACCACGTAAC
1_2_1_S-Plate1E5,1.2.1.S,Plate1,E5,1,5.8SFun_S_24_05,GTTACGTGGTTG,CAACCACGTAAC,ITS4Fun_S_24_05,GTTACGTGGTTG,CAACCACGTAAC
21_2_3_S-Plate1F5,21.2.3.S,Plate1,F5,1,5.8SFun_S_24_06,TACCGGCTTGCA,TGCAAGCCGGTA,ITS4Fun_S_24_05,GTTACGTGGTTG,CAACCACGTAAC
13_1_2_S-Plate1G5,13.1.2.S,Plate1,G5,1,5.8SFun_S_24_07,TGCAGATCCAAC,GTTGGATCTGCA,ITS4Fun_S_24_05,GTTACGTGGTTG,CAACCACGTAAC
14_1_5_S-Plate1H5,14.1.5.S,Plate1,H5,1,5.8SFun_S_24_08,TTAACTGGAAGC,GCTTCCAGTTAA,ITS4Fun_S_24_05,GTTACGTGGTTG,CAACCACGTAAC
8_2_5_S-Plate1A6,8.2.5.S,Plate1,A6,1,5.8SFun_S_24_01,CCTAAACTACGG,CCGTAGTTTAGG,ITS4Fun_S_24_06,TACCGGCTTGCA,TGCAAGCCGGTA
3_2_2_S-Plate1B6,3.2.2.S,Plate1,B6,1,5.8SFun_S_24_02,GTGGTATGGGAG,CTCCCATACCAC,ITS4Fun_S_24_06,TACCGGCTTGCA,TGCAAGCCGGTA
3_1_3_S-Plate1C6,3.1.3.S,Plate1,C6,1,5.8SFun_S_24_03,TGTTGCGTTTCT,AGAAACGCAACA,ITS4Fun_S_24_06,TACCGGCTTGCA,TGCAAGCCGGTA
24_2_1_S-Plate1D6,24.2.1.S,Plate1,D6,1,5.8SFun_S_24_04,ACAGCCACCCAT,ATGGGTGGCTGT,ITS4Fun_S_24_06,TACCGGCTTGCA,TGCAAGCCGGTA
9_1_2_S-Plate1E6,9.1.2.S,Plate1,E6,1,5.8SFun_S_24_05,GTTACGTGGTTG,CAACCACGTAAC,ITS4Fun_S_24_06,TACCGGCTTGCA,TGCAAGCCGGTA
20_1_1_S-Plate1F6,20.1.1.S,Plate1,F6,1,5.8SFun_S_24_06,TACCGGCTTGCA,TGCAAGCCGGTA,ITS4Fun_S_24_06,TACCGGCTTGCA,TGCAAGCCGGTA
15_2_3_S-Plate1G6,15.2.3.S,Plate1,G6,1,5.8SFun_S_24_07,TGCAGATCCAAC,GTTGGATCTGCA,ITS4Fun_S_24_06,TACCGGCTTGCA,TGCAAGCCGGTA
15_2_5_S-Plate1H6,15.2.5.S,Plate1,H6,1,5.8SFun_S_24_08,TTAACTGGAAGC,GCTTCCAGTTAA,ITS4Fun_S_24_06,TACCGGCTTGCA,TGCAAGCCGGTA
22_2_1_S-Plate1A7,22.2.1.S,Plate1,A7,1,5.8SFun_S_24_01,CCTAAACTACGG,CCGTAGTTTAGG,ITS4Fun_S_24_07,CACCTTACCTTA,TAAGGTAAGGTG
13_1_3_S-Plate1B7,13.1.3.S,Plate1,B7,1,5.8SFun_S_24_02,GTGGTATGGGAG,CTCCCATACCAC,ITS4Fun_S_24_07,CACCTTACCTTA,TAAGGTAAGGTG
8_1_2_S-Plate1C7,8.1.2.S,Plate1,C7,1,5.8SFun_S_24_03,TGTTGCGTTTCT,AGAAACGCAACA,ITS4Fun_S_24_07,CACCTTACCTTA,TAAGGTAAGGTG
16_1_5_S-Plate1D7,16.1.5.S,Plate1,D7,1,5.8SFun_S_24_04,ACAGCCACCCAT,ATGGGTGGCTGT,ITS4Fun_S_24_07,CACCTTACCTTA,TAAGGTAAGGTG
1_2_5_S-Plate1E7,1.2.5.S,Plate1,E7,1,5.8SFun_S_24_05,GTTACGTGGTTG,CAACCACGTAAC,ITS4Fun_S_24_07,CACCTTACCTTA,TAAGGTAAGGTG
17_2_1_S-Plate1F7,17.2.1.S,Plate1,F7,1,5.8SFun_S_24_06,TACCGGCTTGCA,TGCAAGCCGGTA,ITS4Fun_S_24_07,CACCTTACCTTA,TAAGGTAAGGTG
11_2_2_S-Plate1G7,11.2.2.S,Plate1,G7,1,5.8SFun_S_24_07,TGCAGATCCAAC,GTTGGATCTGCA,ITS4Fun_S_24_07,CACCTTACCTTA,TAAGGTAAGGTG
2_2_3_S-Plate1H7,2.2.3.S,Plate1,H7,1,5.8SFun_S_24_08,TTAACTGGAAGC,GCTTCCAGTTAA,ITS4Fun_S_24_07,CACCTTACCTTA,TAAGGTAAGGTG
24_1_2_S-Plate1A8,24.1.2.S,Plate1,A8,1,5.8SFun_S_24_01,CCTAAACTACGG,CCGTAGTTTAGG,ITS4Fun_S_24_08,TTAACTGGAAGC,GCTTCCAGTTAA
9_2_5_S-Plate1B8,9.2.5.S,Plate1,B8,1,5.8SFun_S_24_02,GTGGTATGGGAG,CTCCCATACCAC,ITS4Fun_S_24_08,TTAACTGGAAGC,GCTTCCAGTTAA
3_2_5_S-Plate1C8,3.2.5.S,Plate1,C8,1,5.8SFun_S_24_03,TGTTGCGTTTCT,AGAAACGCAACA,ITS4Fun_S_24_08,TTAACTGGAAGC,GCTTCCAGTTAA
23_2_1_S-Plate1D8,23.2.1.S,Plate1,D8,1,5.8SFun_S_24_04,ACAGCCACCCAT,ATGGGTGGCTGT,ITS4Fun_S_24_08,TTAACTGGAAGC,GCTTCCAGTTAA
21_1_1_S-Plate1E8,21.1.1.S,Plate1,E8,1,5.8SFun_S_24_05,GTTACGTGGTTG,CAACCACGTAAC,ITS4Fun_S_24_08,TTAACTGGAAGC,GCTTCCAGTTAA
9_2_3_S-Plate1F8,9.2.3.S,Plate1,F8,1,5.8SFun_S_24_06,TACCGGCTTGCA,TGCAAGCCGGTA,ITS4Fun_S_24_08,TTAACTGGAAGC,GCTTCCAGTTAA
1_1_5_S-Plate1G8,1.1.5.S,Plate1,G8,1,5.8SFun_S_24_07,TGCAGATCCAAC,GTTGGATCTGCA,ITS4Fun_S_24_08,TTAACTGGAAGC,GCTTCCAGTTAA
21_2_1_S-Plate1H8,21.2.1.S,Plate1,H8,1,5.8SFun_S_24_08,TTAACTGGAAGC,GCTTCCAGTTAA,ITS4Fun_S_24_08,TTAACTGGAAGC,GCTTCCAGTTAA
13_x_4_Rh-Plate1A9,13.x.4.Rh,Plate1,A9,1,5.8SFun_S_24_01,CCTAAACTACGG,CCGTAGTTTAGG,ITS4Fun_S_24_09,TACCGCCTCGGA,TCCGAGGCGGTA
2_x_3_Rh-Plate1B9,2.x.3.Rh,Plate1,B9,1,5.8SFun_S_24_02,GTGGTATGGGAG,CTCCCATACCAC,ITS4Fun_S_24_09,TACCGCCTCGGA,TCCGAGGCGGTA
15_x_3_Rh-Plate1C9,15.x.3.Rh,Plate1,C9,1,5.8SFun_S_24_03,TGTTGCGTTTCT,AGAAACGCAACA,ITS4Fun_S_24_09,TACCGCCTCGGA,TCCGAGGCGGTA
22_x_2_Rh-Plate1D9,22.x.2.Rh,Plate1,D9,1,5.8SFun_S_24_04,ACAGCCACCCAT,ATGGGTGGCTGT,ITS4Fun_S_24_09,TACCGCCTCGGA,TCCGAGGCGGTA
13_x_2_Rh-Plate1E9,13.x.2.Rh,Plate1,E9,1,5.8SFun_S_24_05,GTTACGTGGTTG,CAACCACGTAAC,ITS4Fun_S_24_09,TACCGCCTCGGA,TCCGAGGCGGTA
8_x_4_Rh-Plate1F9,8.x.4.Rh,Plate1,F9,1,5.8SFun_S_24_06,TACCGGCTTGCA,TGCAAGCCGGTA,ITS4Fun_S_24_09,TACCGCCTCGGA,TCCGAGGCGGTA
2_x_4_Rh-Plate1G9,2.x.4.Rh,Plate1,G9,1,5.8SFun_S_24_07,TGCAGATCCAAC,GTTGGATCTGCA,ITS4Fun_S_24_09,TACCGCCTCGGA,TCCGAGGCGGTA
3_x_2_Rh-Plate1H9,3.x.2.Rh,Plate1,H9,1,5.8SFun_S_24_08,TTAACTGGAAGC,GCTTCCAGTTAA,ITS4Fun_S_24_09,TACCGCCTCGGA,TCCGAGGCGGTA
11_x_3_Rh-Plate1A10,11.x.3.Rh,Plate1,A10,1,5.8SFun_S_24_01,CCTAAACTACGG,CCGTAGTTTAGG,ITS4Fun_S_24_10,ACTTTAAGGGTG,CACCCTTAAAGT
20_x_4_Rh-Plate1B10,20.x.4.Rh,Plate1,B10,1,5.8SFun_S_24_02,GTGGTATGGGAG,CTCCCATACCAC,ITS4Fun_S_24_10,ACTTTAAGGGTG,CACCCTTAAAGT
3_x_4_Rh-Plate1C10,3.x.4.Rh,Plate1,C10,1,5.8SFun_S_24_03,TGTTGCGTTTCT,AGAAACGCAACA,ITS4Fun_S_24_10,ACTTTAAGGGTG,CACCCTTAAAGT
23_x_1_Rh-Plate1D10,23.x.1.Rh,Plate1,D10,1,5.8SFun_S_24_04,ACAGCCACCCAT,ATGGGTGGCTGT,ITS4Fun_S_24_10,ACTTTAAGGGTG,CACCCTTAAAGT
23_x_3_Rh-Plate1E10,23.x.3.Rh,Plate1,E10,1,5.8SFun_S_24_05,GTTACGTGGTTG,CAACCACGTAAC,ITS4Fun_S_24_10,ACTTTAAGGGTG,CACCCTTAAAGT
14_x_1_Rh-Plate1F10,14.x.1.Rh,Plate1,F10,1,5.8SFun_S_24_06,TACCGGCTTGCA,TGCAAGCCGGTA,ITS4Fun_S_24_10,ACTTTAAGGGTG,CACCCTTAAAGT
23_x_2_Rh-Plate1G10,23.x.2.Rh,Plate1,G10,1,5.8SFun_S_24_07,TGCAGATCCAAC,GTTGGATCTGCA,ITS4Fun_S_24_10,ACTTTAAGGGTG,CACCCTTAAAGT
13_x_1_Rh-Plate1H10,13.x.1.Rh,Plate1,H10,1,5.8SFun_S_24_08,TTAACTGGAAGC,GCTTCCAGTTAA,ITS4Fun_S_24_10,ACTTTAAGGGTG,CACCCTTAAAGT
3_x_1_Rh-Plate1A11,3.x.1.Rh,Plate1,A11,1,5.8SFun_S_24_01,CCTAAACTACGG,CCGTAGTTTAGG,ITS4Fun_S_24_11,CCATCACATAGG,CCTATGTGATGG
21_x_1_Rh-Plate1B11,21.x.1.Rh,Plate1,B11,1,5.8SFun_S_24_02,GTGGTATGGGAG,CTCCCATACCAC,ITS4Fun_S_24_11,CCATCACATAGG,CCTATGTGATGG
1_x_4_Rh-Plate1C11,1.x.4.Rh,Plate1,C11,1,5.8SFun_S_24_03,TGTTGCGTTTCT,AGAAACGCAACA,ITS4Fun_S_24_11,CCATCACATAGG,CCTATGTGATGG
8_x_3_Rh-Plate1D11,8.x.3.Rh,Plate1,D11,1,5.8SFun_S_24_04,ACAGCCACCCAT,ATGGGTGGCTGT,ITS4Fun_S_24_11,CCATCACATAGG,CCTATGTGATGG
24_x_3_Rh-Plate1E11,24.x.3.Rh,Plate1,E11,1,5.8SFun_S_24_05,GTTACGTGGTTG,CAACCACGTAAC,ITS4Fun_S_24_11,CCATCACATAGG,CCTATGTGATGG
9_x_3_Rh-Plate1F11,9.x.3.Rh,Plate1,F11,1,5.8SFun_S_24_06,TACCGGCTTGCA,TGCAAGCCGGTA,ITS4Fun_S_24_11,CCATCACATAGG,CCTATGTGATGG
16_x_2_Rh-Plate1G11,16.x.2.Rh,Plate1,G11,1,5.8SFun_S_24_07,TGCAGATCCAAC,GTTGGATCTGCA,ITS4Fun_S_24_11,CCATCACATAGG,CCTATGTGATGG
24_x_1_Rh-Plate1H11,24.x.1.Rh,Plate1,H11,1,5.8SFun_S_24_08,TTAACTGGAAGC,GCTTCCAGTTAA,ITS4Fun_S_24_11,CCATCACATAGG,CCTATGTGATGG
22_x_1_Rh-Plate1B12,22.x.1.Rh,Plate1,B12,1,5.8SFun_S_24_02,GTGGTATGGGAG,CTCCCATACCAC,ITS4Fun_S_24_12,GAGCAACATCCT,AGGATGTTGCTC
20_x_1_Rh-Plate1C12,20.x.1.Rh,Plate1,C12,1,5.8SFun_S_24_03,TGTTGCGTTTCT,AGAAACGCAACA,ITS4Fun_S_24_12,GAGCAACATCCT,AGGATGTTGCTC
2_x_2_Rh-Plate1D12,2.x.2.Rh,Plate1,D12,1,5.8SFun_S_24_04,ACAGCCACCCAT,ATGGGTGGCTGT,ITS4Fun_S_24_12,GAGCAACATCCT,AGGATGTTGCTC
ExBlank1a-Plate1A12,ExBlank1a,Plate1,A12,1,5.8SFun_S_24_01,CCTAAACTACGG,CCGTAGTTTAGG,ITS4Fun_S_24_12,GAGCAACATCCT,AGGATGTTGCTC
14_x_3_Rh-Plate1E12,14.x.3.Rh,Plate1,E12,1,5.8SFun_S_24_05,GTTACGTGGTTG,CAACCACGTAAC,ITS4Fun_S_24_12,GAGCAACATCCT,AGGATGTTGCTC
PCRBlank1-Plate1F12,PCRBlank1,Plate1,F12,1,5.8SFun_S_24_06,TACCGGCTTGCA,TGCAAGCCGGTA,ITS4Fun_S_24_12,GAGCAACATCCT,AGGATGTTGCTC
FungalMock1-Plate1G12,FungalMock1,Plate1,G12,1,5.8SFun_S_24_07,TGCAGATCCAAC,GTTGGATCTGCA,ITS4Fun_S_24_12,GAGCAACATCCT,AGGATGTTGCTC
1_x_2_Rh-Plate2A1,1.x.2.Rh,Plate2,A1,2,5.8SFun_S_24_09,TACCGCCTCGGA,TCCGAGGCGGTA,ITS4Fun_S_24_01,CCTAAACTACGG,CCGTAGTTTAGG
2_2_1_S-Plate2B1,2.2.1.S,Plate2,B1,2,5.8SFun_S_24_10,ACTTTAAGGGTG,CACCCTTAAAGT,ITS4Fun_S_24_01,CCTAAACTACGG,CCGTAGTTTAGG
15_1_3_S-Plate2C1,15.1.3.S,Plate2,C1,2,5.8SFun_S_24_11,CCATCACATAGG,CCTATGTGATGG,ITS4Fun_S_24_01,CCTAAACTACGG,CCGTAGTTTAGG
22_1_2_S-Plate2D1,22.1.2.S,Plate2,D1,2,5.8SFun_S_24_12,GAGCAACATCCT,AGGATGTTGCTC,ITS4Fun_S_24_01,CCTAAACTACGG,CCGTAGTTTAGG
23_1_5_S-Plate2E1,23.1.5.S,Plate2,E1,2,5.8SFun_S_24_13,ATGTCCGACCAA,TTGGTCGGACAT,ITS4Fun_S_24_01,CCTAAACTACGG,CCGTAGTTTAGG
17_2_2_S-Plate2F1,17.2.2.S,Plate2,F1,2,5.8SFun_S_24_14,TGTCTCGCAAGC,GCTTGCGAGACA,ITS4Fun_S_24_01,CCTAAACTACGG,CCGTAGTTTAGG
11_2_1_S-Plate2G1,11.2.1.S,Plate2,G1,2,5.8SFun_S_24_15,CGCGGTTACTAA,TTAGTAACCGCG,ITS4Fun_S_24_01,CCTAAACTACGG,CCGTAGTTTAGG
20_x_2_Rh-Plate2H1,20.x.2.Rh,Plate2,H1,2,5.8SFun_S_24_16,GAGACTATATGC,GCATATAGTCTC,ITS4Fun_S_24_01,CCTAAACTACGG,CCGTAGTTTAGG
20_1_3_S-Plate2A2,20.1.3.S,Plate2,A2,2,5.8SFun_S_24_09,TACCGCCTCGGA,TCCGAGGCGGTA,ITS4Fun_S_24_02,GTGGTATGGGAG,CTCCCATACCAC
16_2_5_S-Plate2B2,16.2.5.S,Plate2,B2,2,5.8SFun_S_24_10,ACTTTAAGGGTG,CACCCTTAAAGT,ITS4Fun_S_24_02,GTGGTATGGGAG,CTCCCATACCAC
3_1_1_S-Plate2C2,3.1.1.S,Plate2,C2,2,5.8SFun_S_24_11,CCATCACATAGG,CCTATGTGATGG,ITS4Fun_S_24_02,GTGGTATGGGAG,CTCCCATACCAC
20_1_2_S-Plate2D2,20.1.2.S,Plate2,D2,2,5.8SFun_S_24_12,GAGCAACATCCT,AGGATGTTGCTC,ITS4Fun_S_24_02,GTGGTATGGGAG,CTCCCATACCAC
2_2_5_S-Plate2E2,2.2.5.S,Plate2,E2,2,5.8SFun_S_24_13,ATGTCCGACCAA,TTGGTCGGACAT,ITS4Fun_S_24_02,GTGGTATGGGAG,CTCCCATACCAC
3_2_3_S-Plate2F2,3.2.3.S,Plate2,F2,2,5.8SFun_S_24_14,TGTCTCGCAAGC,GCTTGCGAGACA,ITS4Fun_S_24_02,GTGGTATGGGAG,CTCCCATACCAC
21_1_5_S-Plate2G2,21.1.5.S,Plate2,G2,2,5.8SFun_S_24_15,CGCGGTTACTAA,TTAGTAACCGCG,ITS4Fun_S_24_02,GTGGTATGGGAG,CTCCCATACCAC
11_1_2_S-Plate2H2,11.1.2.S,Plate2,H2,2,5.8SFun_S_24_16,GAGACTATATGC,GCATATAGTCTC,ITS4Fun_S_24_02,GTGGTATGGGAG,CTCCCATACCAC
22_2_3_S-Plate2A3,22.2.3.S,Plate2,A3,2,5.8SFun_S_24_09,TACCGCCTCGGA,TCCGAGGCGGTA,ITS4Fun_S_24_03,TGTTGCGTTTCT,AGAAACGCAACA
9_1_1_S-Plate2B3,9.1.1.S,Plate2,B3,2,5.8SFun_S_24_10,ACTTTAAGGGTG,CACCCTTAAAGT,ITS4Fun_S_24_03,TGTTGCGTTTCT,AGAAACGCAACA
20_2_2_S-Plate2C3,20.2.2.S,Plate2,C3,2,5.8SFun_S_24_11,CCATCACATAGG,CCTATGTGATGG,ITS4Fun_S_24_03,TGTTGCGTTTCT,AGAAACGCAACA
1_2_3_S-Plate2D3,1.2.3.S,Plate2,D3,2,5.8SFun_S_24_12,GAGCAACATCCT,AGGATGTTGCTC,ITS4Fun_S_24_03,TGTTGCGTTTCT,AGAAACGCAACA
8_1_5_S-Plate2E3,8.1.5.S,Plate2,E3,2,5.8SFun_S_24_13,ATGTCCGACCAA,TTGGTCGGACAT,ITS4Fun_S_24_03,TGTTGCGTTTCT,AGAAACGCAACA
14_1_1_S-Plate2F3,14.1.1.S,Plate2,F3,2,5.8SFun_S_24_14,TGTCTCGCAAGC,GCTTGCGAGACA,ITS4Fun_S_24_03,TGTTGCGTTTCT,AGAAACGCAACA
8_2_1_S-Plate2G3,8.2.1.S,Plate2,G3,2,5.8SFun_S_24_15,CGCGGTTACTAA,TTAGTAACCGCG,ITS4Fun_S_24_03,TGTTGCGTTTCT,AGAAACGCAACA
17_2_3_S-Plate2H3,17.2.3.S,Plate2,H3,2,5.8SFun_S_24_16,GAGACTATATGC,GCATATAGTCTC,ITS4Fun_S_24_03,TGTTGCGTTTCT,AGAAACGCAACA
2_2_2_S-Plate2A4,2.2.2.S,Plate2,A4,2,5.8SFun_S_24_09,TACCGCCTCGGA,TCCGAGGCGGTA,ITS4Fun_S_24_04,ACAGCCACCCAT,ATGGGTGGCTGT
22_1_5_S-Plate2B4,22.1.5.S,Plate2,B4,2,5.8SFun_S_24_10,ACTTTAAGGGTG,CACCCTTAAAGT,ITS4Fun_S_24_04,ACAGCCACCCAT,ATGGGTGGCTGT
24_1_1_S-Plate2C4,24.1.1.S,Plate2,C4,2,5.8SFun_S_24_11,CCATCACATAGG,CCTATGTGATGG,ITS4Fun_S_24_04,ACAGCCACCCAT,ATGGGTGGCTGT
23_2_3_S-Plate2D4,23.2.3.S,Plate2,D4,2,5.8SFun_S_24_12,GAGCAACATCCT,AGGATGTTGCTC,ITS4Fun_S_24_04,ACAGCCACCCAT,ATGGGTGGCTGT
15_1_5_S-Plate2E4,15.1.5.S,Plate2,E4,2,5.8SFun_S_24_13,ATGTCCGACCAA,TTGGTCGGACAT,ITS4Fun_S_24_04,ACAGCCACCCAT,ATGGGTGGCTGT
15_2_2_S-Plate2F4,15.2.2.S,Plate2,F4,2,5.8SFun_S_24_14,TGTCTCGCAAGC,GCTTGCGAGACA,ITS4Fun_S_24_04,ACAGCCACCCAT,ATGGGTGGCTGT
17_1_2_S-Plate2G4,17.1.2.S,Plate2,G4,2,5.8SFun_S_24_15,CGCGGTTACTAA,TTAGTAACCGCG,ITS4Fun_S_24_04,ACAGCCACCCAT,ATGGGTGGCTGT
17_2_5_S-Plate2H4,17.2.5.S,Plate2,H4,2,5.8SFun_S_24_16,GAGACTATATGC,GCATATAGTCTC,ITS4Fun_S_24_04,ACAGCCACCCAT,ATGGGTGGCTGT
2_1_3_S-Plate2A5,2.1.3.S,Plate2,A5,2,5.8SFun_S_24_09,TACCGCCTCGGA,TCCGAGGCGGTA,ITS4Fun_S_24_05,GTTACGTGGTTG,CAACCACGTAAC
8_1_1_S-Plate2B5,8.1.1.S,Plate2,B5,2,5.8SFun_S_24_10,ACTTTAAGGGTG,CACCCTTAAAGT,ITS4Fun_S_24_05,GTTACGTGGTTG,CAACCACGTAAC
24_2_3_S-Plate2C5,24.2.3.S,Plate2,C5,2,5.8SFun_S_24_11,CCATCACATAGG,CCTATGTGATGG,ITS4Fun_S_24_05,GTTACGTGGTTG,CAACCACGTAAC
9_2_2_S-Plate2D5,9.2.2.S,Plate2,D5,2,5.8SFun_S_24_12,GAGCAACATCCT,AGGATGTTGCTC,ITS4Fun_S_24_05,GTTACGTGGTTG,CAACCACGTAAC
24_2_5_S-Plate2E5,24.2.5.S,Plate2,E5,2,5.8SFun_S_24_13,ATGTCCGACCAA,TTGGTCGGACAT,ITS4Fun_S_24_05,GTTACGTGGTTG,CAACCACGTAAC
13_1_1_S-Plate2F5,13.1.1.S,Plate2,F5,2,5.8SFun_S_24_14,TGTCTCGCAAGC,GCTTGCGAGACA,ITS4Fun_S_24_05,GTTACGTGGTTG,CAACCACGTAAC
13_2_2_S-Plate2G5,13.2.2.S,Plate2,G5,2,5.8SFun_S_24_15,CGCGGTTACTAA,TTAGTAACCGCG,ITS4Fun_S_24_05,GTTACGTGGTTG,CAACCACGTAAC
21_1_3_S-Plate2H5,21.1.3.S,Plate2,H5,2,5.8SFun_S_24_16,GAGACTATATGC,GCATATAGTCTC,ITS4Fun_S_24_05,GTTACGTGGTTG,CAACCACGTAAC
22_2_5_S-Plate2A6,22.2.5.S,Plate2,A6,2,5.8SFun_S_24_09,TACCGCCTCGGA,TCCGAGGCGGTA,ITS4Fun_S_24_06,TACCGGCTTGCA,TGCAAGCCGGTA
16_1_1_S-Plate2B6,16.1.1.S,Plate2,B6,2,5.8SFun_S_24_10,ACTTTAAGGGTG,CACCCTTAAAGT,ITS4Fun_S_24_06,TACCGGCTTGCA,TGCAAGCCGGTA
2_1_2_S-Plate2C6,2.1.2.S,Plate2,C6,2,5.8SFun_S_24_11,CCATCACATAGG,CCTATGTGATGG,ITS4Fun_S_24_06,TACCGGCTTGCA,TGCAAGCCGGTA
14_1_3_S-Plate2D6,14.1.3.S,Plate2,D6,2,5.8SFun_S_24_12,GAGCAACATCCT,AGGATGTTGCTC,ITS4Fun_S_24_06,TACCGGCTTGCA,TGCAAGCCGGTA
15_2_1_S-Plate2E6,15.2.1.S,Plate2,E6,2,5.8SFun_S_24_13,ATGTCCGACCAA,TTGGTCGGACAT,ITS4Fun_S_24_06,TACCGGCTTGCA,TGCAAGCCGGTA
2_1_5_S-Plate2F6,2.1.5.S,Plate2,F6,2,5.8SFun_S_24_14,TGTCTCGCAAGC,GCTTGCGAGACA,ITS4Fun_S_24_06,TACCGGCTTGCA,TGCAAGCCGGTA
8_2_3_S-Plate2G6,8.2.3.S,Plate2,G6,2,5.8SFun_S_24_15,CGCGGTTACTAA,TTAGTAACCGCG,ITS4Fun_S_24_06,TACCGGCTTGCA,TGCAAGCCGGTA
14_1_2_S-Plate2H6,14.1.2.S,Plate2,H6,2,5.8SFun_S_24_16,GAGACTATATGC,GCATATAGTCTC,ITS4Fun_S_24_06,TACCGGCTTGCA,TGCAAGCCGGTA
24_1_5_S-Plate2A7,24.1.5.S,Plate2,A7,2,5.8SFun_S_24_09,TACCGCCTCGGA,TCCGAGGCGGTA,ITS4Fun_S_24_07,CACCTTACCTTA,TAAGGTAAGGTG
23_2_1_S-Plate2B7,23.2.1.S,Plate2,B7,2,5.8SFun_S_24_10,ACTTTAAGGGTG,CACCCTTAAAGT,ITS4Fun_S_24_07,CACCTTACCTTA,TAAGGTAAGGTG
23_1_2_S-Plate2C7,23.1.2.S,Plate2,C7,2,5.8SFun_S_24_11,CCATCACATAGG,CCTATGTGATGG,ITS4Fun_S_24_07,CACCTTACCTTA,TAAGGTAAGGTG
14_2_1_S-Plate2D7,14.2.1.S,Plate2,D7,2,5.8SFun_S_24_12,GAGCAACATCCT,AGGATGTTGCTC,ITS4Fun_S_24_07,CACCTTACCTTA,TAAGGTAAGGTG
17_1_3_S-Plate2E7,17.1.3.S,Plate2,E7,2,5.8SFun_S_24_13,ATGTCCGACCAA,TTGGTCGGACAT,ITS4Fun_S_24_07,CACCTTACCTTA,TAAGGTAAGGTG
23_2_5_S-Plate2F7,23.2.5.S,Plate2,F7,2,5.8SFun_S_24_14,TGTCTCGCAAGC,GCTTGCGAGACA,ITS4Fun_S_24_07,CACCTTACCTTA,TAAGGTAAGGTG
22_2_2_S-Plate2G7,22.2.2.S,Plate2,G7,2,5.8SFun_S_24_15,CGCGGTTACTAA,TTAGTAACCGCG,ITS4Fun_S_24_07,CACCTTACCTTA,TAAGGTAAGGTG
1_1_3_S-Plate2H7,1.1.3.S,Plate2,H7,2,5.8SFun_S_24_16,GAGACTATATGC,GCATATAGTCTC,ITS4Fun_S_24_07,CACCTTACCTTA,TAAGGTAAGGTG
21_2_5_S-Plate2A8,21.2.5.S,Plate2,A8,2,5.8SFun_S_24_09,TACCGCCTCGGA,TCCGAGGCGGTA,ITS4Fun_S_24_08,TTAACTGGAAGC,GCTTCCAGTTAA
16_2_1_S-Plate2B8,16.2.1.S,Plate2,B8,2,5.8SFun_S_24_10,ACTTTAAGGGTG,CACCCTTAAAGT,ITS4Fun_S_24_08,TTAACTGGAAGC,GCTTCCAGTTAA
14_2_5_S-Plate2C8,14.2.5.S,Plate2,C8,2,5.8SFun_S_24_11,CCATCACATAGG,CCTATGTGATGG,ITS4Fun_S_24_08,TTAACTGGAAGC,GCTTCCAGTTAA
21_1_2_S-Plate2D8,21.1.2.S,Plate2,D8,2,5.8SFun_S_24_12,GAGCAACATCCT,AGGATGTTGCTC,ITS4Fun_S_24_08,TTAACTGGAAGC,GCTTCCAGTTAA
9_2_1_S-Plate2E8,9.2.1.S,Plate2,E8,2,5.8SFun_S_24_13,ATGTCCGACCAA,TTGGTCGGACAT,ITS4Fun_S_24_08,TTAACTGGAAGC,GCTTCCAGTTAA
11_2_3_S-Plate2F8,11.2.3.S,Plate2,F8,2,5.8SFun_S_24_14,TGTCTCGCAAGC,GCTTGCGAGACA,ITS4Fun_S_24_08,TTAACTGGAAGC,GCTTCCAGTTAA
9_1_3_S-Plate2G8,9.1.3.S,Plate2,G8,2,5.8SFun_S_24_15,CGCGGTTACTAA,TTAGTAACCGCG,ITS4Fun_S_24_08,TTAACTGGAAGC,GCTTCCAGTTAA
23_1_1_S-Plate2H8,23.1.1.S,Plate2,H8,2,5.8SFun_S_24_16,GAGACTATATGC,GCATATAGTCTC,ITS4Fun_S_24_08,TTAACTGGAAGC,GCTTCCAGTTAA
22_x_3_Rh-Plate2A9,22.x.3.Rh,Plate2,A9,2,5.8SFun_S_24_09,TACCGCCTCGGA,TCCGAGGCGGTA,ITS4Fun_S_24_09,TACCGCCTCGGA,TCCGAGGCGGTA
20_x_3_Rh-Plate2B9,20.x.3.Rh,Plate2,B9,2,5.8SFun_S_24_10,ACTTTAAGGGTG,CACCCTTAAAGT,ITS4Fun_S_24_09,TACCGCCTCGGA,TCCGAGGCGGTA
17_x_4_Rh-Plate2C9,17.x.4.Rh,Plate2,C9,2,5.8SFun_S_24_11,CCATCACATAGG,CCTATGTGATGG,ITS4Fun_S_24_09,TACCGCCTCGGA,TCCGAGGCGGTA
2_x_1_Rh-Plate2D9,2.x.1.Rh,Plate2,D9,2,5.8SFun_S_24_12,GAGCAACATCCT,AGGATGTTGCTC,ITS4Fun_S_24_09,TACCGCCTCGGA,TCCGAGGCGGTA
1_x_3_Rh-Plate2E9,1.x.3.Rh,Plate2,E9,2,5.8SFun_S_24_13,ATGTCCGACCAA,TTGGTCGGACAT,ITS4Fun_S_24_09,TACCGCCTCGGA,TCCGAGGCGGTA
15_x_1_Rh-Plate2F9,15.x.1.Rh,Plate2,F9,2,5.8SFun_S_24_14,TGTCTCGCAAGC,GCTTGCGAGACA,ITS4Fun_S_24_09,TACCGCCTCGGA,TCCGAGGCGGTA
9_x_1_Rh-Plate2G9,9.x.1.Rh,Plate2,G9,2,5.8SFun_S_24_15,CGCGGTTACTAA,TTAGTAACCGCG,ITS4Fun_S_24_09,TACCGCCTCGGA,TCCGAGGCGGTA
11_x_4_Rh-Plate2H9,11.x.4.Rh,Plate2,H9,2,5.8SFun_S_24_16,GAGACTATATGC,GCATATAGTCTC,ITS4Fun_S_24_09,TACCGCCTCGGA,TCCGAGGCGGTA
17_x_3_Rh-Plate2A10,17.x.3.Rh,Plate2,A10,2,5.8SFun_S_24_09,TACCGCCTCGGA,TCCGAGGCGGTA,ITS4Fun_S_24_10,ACTTTAAGGGTG,CACCCTTAAAGT
21_x_3_Rh-Plate2B10,21.x.3.Rh,Plate2,B10,2,5.8SFun_S_24_10,ACTTTAAGGGTG,CACCCTTAAAGT,ITS4Fun_S_24_10,ACTTTAAGGGTG,CACCCTTAAAGT
3_x_3_Rh-Plate2C10,3.x.3.Rh,Plate2,C10,2,5.8SFun_S_24_11,CCATCACATAGG,CCTATGTGATGG,ITS4Fun_S_24_10,ACTTTAAGGGTG,CACCCTTAAAGT
15_x_2_Rh-Plate2D10,15.x.2.Rh,Plate2,D10,2,5.8SFun_S_24_12,GAGCAACATCCT,AGGATGTTGCTC,ITS4Fun_S_24_10,ACTTTAAGGGTG,CACCCTTAAAGT
9_x_2_Rh-Plate2E10,9.x.2.Rh,Plate2,E10,2,5.8SFun_S_24_13,ATGTCCGACCAA,TTGGTCGGACAT,ITS4Fun_S_24_10,ACTTTAAGGGTG,CACCCTTAAAGT
14_x_1_Rh-Plate2F10,14.x.1.Rh,Plate2,F10,2,5.8SFun_S_24_14,TGTCTCGCAAGC,GCTTGCGAGACA,ITS4Fun_S_24_10,ACTTTAAGGGTG,CACCCTTAAAGT
21_x_2_Rh-Plate2G10,21.x.2.Rh,Plate2,G10,2,5.8SFun_S_24_15,CGCGGTTACTAA,TTAGTAACCGCG,ITS4Fun_S_24_10,ACTTTAAGGGTG,CACCCTTAAAGT
17_x_1_Rh-Plate2H10,17.x.1.Rh,Plate2,H10,2,5.8SFun_S_24_16,GAGACTATATGC,GCATATAGTCTC,ITS4Fun_S_24_10,ACTTTAAGGGTG,CACCCTTAAAGT
14_x_4_Rh-Plate2A11,14.x.4.Rh,Plate2,A11,2,5.8SFun_S_24_09,TACCGCCTCGGA,TCCGAGGCGGTA,ITS4Fun_S_24_11,CCATCACATAGG,CCTATGTGATGG
1_x_1_Rh-Plate2B11,1.x.1.Rh,Plate2,B11,2,5.8SFun_S_24_10,ACTTTAAGGGTG,CACCCTTAAAGT,ITS4Fun_S_24_11,CCATCACATAGG,CCTATGTGATGG
11_x_1_Rh-Plate2C11,11.x.1.Rh,Plate2,C11,2,5.8SFun_S_24_11,CCATCACATAGG,CCTATGTGATGG,ITS4Fun_S_24_11,CCATCACATAGG,CCTATGTGATGG
21_x_4_Rh-Plate2D11,21.x.4.Rh,Plate2,D11,2,5.8SFun_S_24_12,GAGCAACATCCT,AGGATGTTGCTC,ITS4Fun_S_24_11,CCATCACATAGG,CCTATGTGATGG
16_x_1_Rh-Plate2E11,16.x.1.Rh,Plate2,E11,2,5.8SFun_S_24_13,ATGTCCGACCAA,TTGGTCGGACAT,ITS4Fun_S_24_11,CCATCACATAGG,CCTATGTGATGG
11_x_2_Rh-Plate2F11,11.x.2.Rh,Plate2,F11,2,5.8SFun_S_24_14,TGTCTCGCAAGC,GCTTGCGAGACA,ITS4Fun_S_24_11,CCATCACATAGG,CCTATGTGATGG
8_x_2_Rh-Plate2G11,8.x.2.Rh,Plate2,G11,2,5.8SFun_S_24_15,CGCGGTTACTAA,TTAGTAACCGCG,ITS4Fun_S_24_11,CCATCACATAGG,CCTATGTGATGG
24_x_2_Rh-Plate2H11,24.x.2.Rh,Plate2,H11,2,5.8SFun_S_24_16,GAGACTATATGC,GCATATAGTCTC,ITS4Fun_S_24_11,CCATCACATAGG,CCTATGTGATGG
23_x_4_Rh-Plate2A12,23.x.4.Rh,Plate2,A12,2,5.8SFun_S_24_09,TACCGCCTCGGA,TCCGAGGCGGTA,ITS4Fun_S_24_12,GAGCAACATCCT,AGGATGTTGCTC
16_x_4_Rh-Plate2B12,16.x.4.Rh,Plate2,B12,2,5.8SFun_S_24_10,ACTTTAAGGGTG,CACCCTTAAAGT,ITS4Fun_S_24_12,GAGCAACATCCT,AGGATGTTGCTC
22_x_4_Rh-Plate2C12,22.x.4.Rh,Plate2,C12,2,5.8SFun_S_24_11,CCATCACATAGG,CCTATGTGATGG,ITS4Fun_S_24_12,GAGCAACATCCT,AGGATGTTGCTC
ExBlank2a-Plate2D12,ExBlank2a,Plate2,D12,2,5.8SFun_S_24_12,GAGCAACATCCT,AGGATGTTGCTC,ITS4Fun_S_24_12,GAGCAACATCCT,AGGATGTTGCTC
ExBlank2b-Plate2E12,ExBlank2b,Plate2,E12,2,5.8SFun_S_24_13,ATGTCCGACCAA,TTGGTCGGACAT,ITS4Fun_S_24_12,GAGCAACATCCT,AGGATGTTGCTC
PCRBlank2-Plate2F12,PCRBlank2,Plate2,F12,2,5.8SFun_S_24_14,TGTCTCGCAAGC,GCTTGCGAGACA,ITS4Fun_S_24_12,GAGCAACATCCT,AGGATGTTGCTC
FungalMock2-Plate2G12,FungalMock2,Plate2,G12,2,5.8SFun_S_24_15,CGCGGTTACTAA,TTAGTAACCGCG,ITS4Fun_S_24_12,GAGCAACATCCT,AGGATGTTGCTC
24_2_2_S-Plate3A1,24.2.2.S,Plate3,A1,1,5.8SFun_S_24_01,CCTAAACTACGG,CCGTAGTTTAGG,ITS4Fun_S_24_01,CCTAAACTACGG,CCGTAGTTTAGG
3_1_5_S-Plate3B1,3.1.5.S,Plate3,B1,1,5.8SFun_S_24_02,GTGGTATGGGAG,CTCCCATACCAC,ITS4Fun_S_24_01,CCTAAACTACGG,CCGTAGTTTAGG
8_1_3_S-Plate3C1,8.1.3.S,Plate3,C1,1,5.8SFun_S_24_03,TGTTGCGTTTCT,AGAAACGCAACA,ITS4Fun_S_24_01,CCTAAACTACGG,CCGTAGTTTAGG
13_2_1_S-Plate3D1,13.2.1.S,Plate3,D1,1,5.8SFun_S_24_04,ACAGCCACCCAT,ATGGGTGGCTGT,ITS4Fun_S_24_01,CCTAAACTACGG,CCGTAGTTTAGG
1_2_4_S-Plate3E1,1.2.4.S,Plate3,E1,1,5.8SFun_S_24_05,GTTACGTGGTTG,CAACCACGTAAC,ITS4Fun_S_24_01,CCTAAACTACGG,CCGTAGTTTAGG
24_2_4_S-Plate3F1,24.2.4.S,Plate3,F1,1,5.8SFun_S_24_06,TACCGGCTTGCA,TGCAAGCCGGTA,ITS4Fun_S_24_01,CCTAAACTACGG,CCGTAGTTTAGG
15_2_4_S-Plate3G1,15.2.4.S,Plate3,G1,1,5.8SFun_S_24_07,TGCAGATCCAAC,GTTGGATCTGCA,ITS4Fun_S_24_01,CCTAAACTACGG,CCGTAGTTTAGG
21_2_4_S-Plate3H1,21.2.4.S,Plate3,H1,1,5.8SFun_S_24_08,TTAACTGGAAGC,GCTTCCAGTTAA,ITS4Fun_S_24_01,CCTAAACTACGG,CCGTAGTTTAGG
16_2_4_S-Plate3A2,16.2.4.S,Plate3,A2,1,5.8SFun_S_24_01,CCTAAACTACGG,CCGTAGTTTAGG,ITS4Fun_S_24_02,GTGGTATGGGAG,CTCCCATACCAC
11_2_4_S-Plate3B2,11.2.4.S,Plate3,B2,1,5.8SFun_S_24_02,GTGGTATGGGAG,CTCCCATACCAC,ITS4Fun_S_24_02,GTGGTATGGGAG,CTCCCATACCAC
14_2_4_S-Plate3C2,14.2.4.S,Plate3,C2,1,5.8SFun_S_24_03,TGTTGCGTTTCT,AGAAACGCAACA,ITS4Fun_S_24_02,GTGGTATGGGAG,CTCCCATACCAC
8_2_4_S-Plate3D2,8.2.4.S,Plate3,D2,1,5.8SFun_S_24_04,ACAGCCACCCAT,ATGGGTGGCTGT,ITS4Fun_S_24_02,GTGGTATGGGAG,CTCCCATACCAC
13_2_4_S-Plate3E2,13.2.4.S,Plate3,E2,1,5.8SFun_S_24_05,GTTACGTGGTTG,CAACCACGTAAC,ITS4Fun_S_24_02,GTGGTATGGGAG,CTCCCATACCAC
20_2_4_S-Plate3F2,20.2.4.S,Plate3,F2,1,5.8SFun_S_24_06,TACCGGCTTGCA,TGCAAGCCGGTA,ITS4Fun_S_24_02,GTGGTATGGGAG,CTCCCATACCAC
23_2_4_S-Plate3G2,23.2.4.S,Plate3,G2,1,5.8SFun_S_24_07,TGCAGATCCAAC,GTTGGATCTGCA,ITS4Fun_S_24_02,GTGGTATGGGAG,CTCCCATACCAC
2_2_4_S-Plate3H2,2.2.4.S,Plate3,H2,1,5.8SFun_S_24_08,TTAACTGGAAGC,GCTTCCAGTTAA,ITS4Fun_S_24_02,GTGGTATGGGAG,CTCCCATACCAC
9_2_4_S-Plate3A3,9.2.4.S,Plate3,A3,1,5.8SFun_S_24_01,CCTAAACTACGG,CCGTAGTTTAGG,ITS4Fun_S_24_03,TGTTGCGTTTCT,AGAAACGCAACA
22_2_4_S-Plate3B3,22.2.4.S,Plate3,B3,1,5.8SFun_S_24_02,GTGGTATGGGAG,CTCCCATACCAC,ITS4Fun_S_24_03,TGTTGCGTTTCT,AGAAACGCAACA
1_x_2_Rh-Plate3C3,1.x.2.Rh,Plate3,C3,1,5.8SFun_S_24_03,TGTTGCGTTTCT,AGAAACGCAACA,ITS4Fun_S_24_03,TGTTGCGTTTCT,AGAAACGCAACA
3_2_4_S-Plate3D3,3.2.4.S,Plate3,D3,1,5.8SFun_S_24_04,ACAGCCACCCAT,ATGGGTGGCTGT,ITS4Fun_S_24_03,TGTTGCGTTTCT,AGAAACGCAACA
9_x_4_Rh-Plate3E3,9.x.4.Rh,Plate3,E3,1,5.8SFun_S_24_05,GTTACGTGGTTG,CAACCACGTAAC,ITS4Fun_S_24_03,TGTTGCGTTTCT,AGAAACGCAACA
8_x_1_Rh-Plate3F3,8.x.1.Rh,Plate3,F3,1,5.8SFun_S_24_06,TACCGGCTTGCA,TGCAAGCCGGTA,ITS4Fun_S_24_03,TGTTGCGTTTCT,AGAAACGCAACA
16_x_3_Rh-Plate3G3,16.x.3.Rh,Plate3,G3,1,5.8SFun_S_24_07,TGCAGATCCAAC,GTTGGATCTGCA,ITS4Fun_S_24_03,TGTTGCGTTTCT,AGAAACGCAACA
24_x_4_Rh-Plate3H3,24.x.4.Rh,Plate3,H3,1,5.8SFun_S_24_08,TTAACTGGAAGC,GCTTCCAGTTAA,ITS4Fun_S_24_03,TGTTGCGTTTCT,AGAAACGCAACA
14_x_1_Rh-Plate3A4,14.x.1.Rh,Plate3,A4,1,5.8SFun_S_24_01,CCTAAACTACGG,CCGTAGTTTAGG,ITS4Fun_S_24_04,ACAGCCACCCAT,ATGGGTGGCTGT
17_2_4_S-Plate3B4,17.2.4.S,Plate3,B4,1,5.8SFun_S_24_02,GTGGTATGGGAG,CTCCCATACCAC,ITS4Fun_S_24_04,ACAGCCACCCAT,ATGGGTGGCTGT
20_2_1_S-Plate3C4,20.2.1.S,Plate3,C4,1,5.8SFun_S_24_03,TGTTGCGTTTCT,AGAAACGCAACA,ITS4Fun_S_24_04,ACAGCCACCCAT,ATGGGTGGCTGT
24_2_1_S-Plate3D4,24.2.1.S,Plate3,D4,1,5.8SFun_S_24_04,ACAGCCACCCAT,ATGGGTGGCTGT,ITS4Fun_S_24_04,ACAGCCACCCAT,ATGGGTGGCTGT
15_2_3_S-Plate3E4,15.2.3.S,Plate3,E4,1,5.8SFun_S_24_05,GTTACGTGGTTG,CAACCACGTAAC,ITS4Fun_S_24_04,ACAGCCACCCAT,ATGGGTGGCTGT
8_1_2_S-Plate3F4,8.1.2.S,Plate3,F4,1,5.8SFun_S_24_06,TACCGGCTTGCA,TGCAAGCCGGTA,ITS4Fun_S_24_04,ACAGCCACCCAT,ATGGGTGGCTGT
16_1_5_S-Plate3G4,16.1.5.S,Plate3,G4,1,5.8SFun_S_24_07,TGCAGATCCAAC,GTTGGATCTGCA,ITS4Fun_S_24_04,ACAGCCACCCAT,ATGGGTGGCTGT
11_2_2_S-Plate3H4,11.2.2.S,Plate3,H4,1,5.8SFun_S_24_08,TTAACTGGAAGC,GCTTCCAGTTAA,ITS4Fun_S_24_04,ACAGCCACCCAT,ATGGGTGGCTGT
9_2_5_S-Plate3A5,9.2.5.S,Plate3,A5,1,5.8SFun_S_24_01,CCTAAACTACGG,CCGTAGTTTAGG,ITS4Fun_S_24_05,GTTACGTGGTTG,CAACCACGTAAC
3_2_5_S-Plate3B5,3.2.5.S,Plate3,B5,1,5.8SFun_S_24_02,GTGGTATGGGAG,CTCCCATACCAC,ITS4Fun_S_24_05,GTTACGTGGTTG,CAACCACGTAAC
9_2_3_S-Plate3C5,9.2.3.S,Plate3,C5,1,5.8SFun_S_24_03,TGTTGCGTTTCT,AGAAACGCAACA,ITS4Fun_S_24_05,GTTACGTGGTTG,CAACCACGTAAC
15_1_3_S-Plate3D5,15.1.3.S,Plate3,D5,1,5.8SFun_S_24_04,ACAGCCACCCAT,ATGGGTGGCTGT,ITS4Fun_S_24_05,GTTACGTGGTTG,CAACCACGTAAC
11_2_1_S-Plate3E5,11.2.1.S,Plate3,E5,1,5.8SFun_S_24_05,GTTACGTGGTTG,CAACCACGTAAC,ITS4Fun_S_24_05,GTTACGTGGTTG,CAACCACGTAAC
16_2_5_S-Plate3F5,16.2.5.S,Plate3,F5,1,5.8SFun_S_24_06,TACCGGCTTGCA,TGCAAGCCGGTA,ITS4Fun_S_24_05,GTTACGTGGTTG,CAACCACGTAAC
22_2_3_S-Plate3G5,22.2.3.S,Plate3,G5,1,5.8SFun_S_24_07,TGCAGATCCAAC,GTTGGATCTGCA,ITS4Fun_S_24_05,GTTACGTGGTTG,CAACCACGTAAC
2_2_2_S-Plate3H5,2.2.2.S,Plate3,H5,1,5.8SFun_S_24_08,TTAACTGGAAGC,GCTTCCAGTTAA,ITS4Fun_S_24_05,GTTACGTGGTTG,CAACCACGTAAC
22_2_5_S-Plate3A6,22.2.5.S,Plate3,A6,1,5.8SFun_S_24_01,CCTAAACTACGG,CCGTAGTTTAGG,ITS4Fun_S_24_06,TACCGGCTTGCA,TGCAAGCCGGTA
23_2_1_S-Plate3B6,23.2.1.S,Plate3,B6,1,5.8SFun_S_24_02,GTGGTATGGGAG,CTCCCATACCAC,ITS4Fun_S_24_06,TACCGGCTTGCA,TGCAAGCCGGTA
14_2_5_S-Plate3C6,14.2.5.S,Plate3,C6,1,5.8SFun_S_24_03,TGTTGCGTTTCT,AGAAACGCAACA,ITS4Fun_S_24_06,TACCGGCTTGCA,TGCAAGCCGGTA
3_x_1_Rh-Plate3D6,3.x.1.Rh,Plate3,D6,1,5.8SFun_S_24_04,ACAGCCACCCAT,ATGGGTGGCTGT,ITS4Fun_S_24_06,TACCGGCTTGCA,TGCAAGCCGGTA
16_x_4_Rh-Plate3E6,16.x.4.Rh,Plate3,E6,1,5.8SFun_S_24_05,GTTACGTGGTTG,CAACCACGTAAC,ITS4Fun_S_24_06,TACCGGCTTGCA,TGCAAGCCGGTA
9_x_3_Rh-Plate3F6,9.x.3.Rh,Plate3,F6,1,5.8SFun_S_24_06,TACCGGCTTGCA,TGCAAGCCGGTA,ITS4Fun_S_24_06,TACCGGCTTGCA,TGCAAGCCGGTA
22_x_2_Rh-Plate3G6,22.x.2.Rh,Plate3,G6,1,5.8SFun_S_24_07,TGCAGATCCAAC,GTTGGATCTGCA,ITS4Fun_S_24_06,TACCGGCTTGCA,TGCAAGCCGGTA
1_x_3_Rh-Plate3H6,1.x.3.Rh,Plate3,H6,1,5.8SFun_S_24_08,TTAACTGGAAGC,GCTTCCAGTTAA,ITS4Fun_S_24_06,TACCGGCTTGCA,TGCAAGCCGGTA
1_x_1_Rh-Plate3A7,1.x.1.Rh,Plate3,A7,1,5.8SFun_S_24_01,CCTAAACTACGG,CCGTAGTTTAGG,ITS4Fun_S_24_07,CACCTTACCTTA,TAAGGTAAGGTG
16_x_1_Rh-Plate3B7,16.x.1.Rh,Plate3,B7,1,5.8SFun_S_24_02,GTGGTATGGGAG,CTCCCATACCAC,ITS4Fun_S_24_07,CACCTTACCTTA,TAAGGTAAGGTG
11_x_1_Rh-Plate3C7,11.x.1.Rh,Plate3,C7,1,5.8SFun_S_24_03,TGTTGCGTTTCT,AGAAACGCAACA,ITS4Fun_S_24_07,CACCTTACCTTA,TAAGGTAAGGTG
23_x_4_Rh-Plate3D7,23.x.4.Rh,Plate3,D7,1,5.8SFun_S_24_04,ACAGCCACCCAT,ATGGGTGGCTGT,ITS4Fun_S_24_07,CACCTTACCTTA,TAAGGTAAGGTG
8_x_2_Rh-Plate3E7,8.x.2.Rh,Plate3,E7,1,5.8SFun_S_24_05,GTTACGTGGTTG,CAACCACGTAAC,ITS4Fun_S_24_07,CACCTTACCTTA,TAAGGTAAGGTG
1_x_3_Rh-Plate6A8,1.x.3.Rh,Plate6,A8,1,5.8SFun_S_24_01,CCTAAACTACGG,CCGTAGTTTAGG,ITS4Fun_S_24_08,TTAACTGGAAGC,GCTTCCAGTTAA
1_x_1_Rh-Plate6B8,1.x.1.Rh,Plate6,B8,1,5.8SFun_S_24_02,GTGGTATGGGAG,CTCCCATACCAC,ITS4Fun_S_24_08,TTAACTGGAAGC,GCTTCCAGTTAA
16_x_1_Rh-Plate6C8,16.x.1.Rh,Plate6,C8,1,5.8SFun_S_24_03,TGTTGCGTTTCT,AGAAACGCAACA,ITS4Fun_S_24_08,TTAACTGGAAGC,GCTTCCAGTTAA
9_x_4_Rh-Plate6D8,9.x.4.Rh,Plate6,D8,1,5.8SFun_S_24_04,ACAGCCACCCAT,ATGGGTGGCTGT,ITS4Fun_S_24_08,TTAACTGGAAGC,GCTTCCAGTTAA
8_x_2_Rh-Plate6E8,8.x.2.Rh,Plate6,E8,1,5.8SFun_S_24_05,GTTACGTGGTTG,CAACCACGTAAC,ITS4Fun_S_24_08,TTAACTGGAAGC,GCTTCCAGTTAA
11_x_1_Rh-Plate6F8,11.x.1.Rh,Plate6,F8,1,5.8SFun_S_24_06,TACCGGCTTGCA,TGCAAGCCGGTA,ITS4Fun_S_24_08,TTAACTGGAAGC,GCTTCCAGTTAA
8_x_1_Rh-Plate6G8,8.x.1.Rh,Plate6,G8,1,5.8SFun_S_24_07,TGCAGATCCAAC,GTTGGATCTGCA,ITS4Fun_S_24_08,TTAACTGGAAGC,GCTTCCAGTTAA
24_x_2_Rh-Plate6H8,24.x.2.Rh,Plate6,H8,1,5.8SFun_S_24_08,TTAACTGGAAGC,GCTTCCAGTTAA,ITS4Fun_S_24_08,TTAACTGGAAGC,GCTTCCAGTTAA
23_x_4_Rh-Plate6A9,23.x.4.Rh,Plate6,A9,1,5.8SFun_S_24_01,CCTAAACTACGG,CCGTAGTTTAGG,ITS4Fun_S_24_09,TACCGCCTCGGA,TCCGAGGCGGTA
3_x_1_Rh-Plate6B9,3.x.1.Rh,Plate6,B9,1,5.8SFun_S_24_02,GTGGTATGGGAG,CTCCCATACCAC,ITS4Fun_S_24_09,TACCGCCTCGGA,TCCGAGGCGGTA
24_x_4_Rh-Plate6C9,24.x.4.Rh,Plate6,C9,1,5.8SFun_S_24_03,TGTTGCGTTTCT,AGAAACGCAACA,ITS4Fun_S_24_09,TACCGCCTCGGA,TCCGAGGCGGTA
20_x_2_Rh-Plate6D9,20.x.2.Rh,Plate6,D9,1,5.8SFun_S_24_04,ACAGCCACCCAT,ATGGGTGGCTGT,ITS4Fun_S_24_09,TACCGCCTCGGA,TCCGAGGCGGTA
22_x_3_Rh-Plate6E9,22.x.3.Rh,Plate6,E9,1,5.8SFun_S_24_05,GTTACGTGGTTG,CAACCACGTAAC,ITS4Fun_S_24_09,TACCGCCTCGGA,TCCGAGGCGGTA
11_x_3_Rh-Plate6F9,11.x.3.Rh,Plate6,F9,1,5.8SFun_S_24_06,TACCGGCTTGCA,TGCAAGCCGGTA,ITS4Fun_S_24_09,TACCGCCTCGGA,TCCGAGGCGGTA
21_x_4_Rh-Plate6G9,21.x.4.Rh,Plate6,G9,1,5.8SFun_S_24_07,TGCAGATCCAAC,GTTGGATCTGCA,ITS4Fun_S_24_09,TACCGCCTCGGA,TCCGAGGCGGTA
21_x_2_Rh-Plate6H9,21.x.2.Rh,Plate6,H9,1,5.8SFun_S_24_08,TTAACTGGAAGC,GCTTCCAGTTAA,ITS4Fun_S_24_09,TACCGCCTCGGA,TCCGAGGCGGTA
9_2_3_S-Plate3A10,9.2.3.S,Plate3,A10,1,5.8SFun_S_24_01,CCTAAACTACGG,CCGTAGTTTAGG,ITS4Fun_S_24_10,ACTTTAAGGGTG,CACCCTTAAAGT
ExBlank3a-Plate3B10,ExBlank3a,Plate3,B10,1,5.8SFun_S_24_02,GTGGTATGGGAG,CTCCCATACCAC,ITS4Fun_S_24_10,ACTTTAAGGGTG,CACCCTTAAAGT
ExBlank3b-Plate3C10,ExBlank3b,Plate3,C10,1,5.8SFun_S_24_03,TGTTGCGTTTCT,AGAAACGCAACA,ITS4Fun_S_24_10,ACTTTAAGGGTG,CACCCTTAAAGT
ExBlank3c-Plate3D10,ExBlank3c,Plate3,D10,1,5.8SFun_S_24_04,ACAGCCACCCAT,ATGGGTGGCTGT,ITS4Fun_S_24_10,ACTTTAAGGGTG,CACCCTTAAAGT
1_x_1_R-Plate4A1,1.x.1.R,Plate4,A1,2,5.8SFun_S_24_09,TACCGCCTCGGA,TCCGAGGCGGTA,ITS4Fun_S_24_01,CCTAAACTACGG,CCGTAGTTTAGG
3_x_1_R-Plate4A2,3.x.1.R,Plate4,A2,2,5.8SFun_S_24_09,TACCGCCTCGGA,TCCGAGGCGGTA,ITS4Fun_S_24_02,GTGGTATGGGAG,CTCCCATACCAC
9_x_1_R-Plate4A3,9.x.1.R,Plate4,A3,2,5.8SFun_S_24_09,TACCGCCTCGGA,TCCGAGGCGGTA,ITS4Fun_S_24_03,TGTTGCGTTTCT,AGAAACGCAACA
13_x_1_R-Plate4A4,13.x.1.R,Plate4,A4,2,5.8SFun_S_24_09,TACCGCCTCGGA,TCCGAGGCGGTA,ITS4Fun_S_24_04,ACAGCCACCCAT,ATGGGTGGCTGT
15_x_1_R-Plate4A5,15.x.1.R,Plate4,A5,2,5.8SFun_S_24_09,TACCGCCTCGGA,TCCGAGGCGGTA,ITS4Fun_S_24_05,GTTACGTGGTTG,CAACCACGTAAC
17_x_1_R-Plate4A6,17.x.1.R,Plate4,A6,2,5.8SFun_S_24_09,TACCGCCTCGGA,TCCGAGGCGGTA,ITS4Fun_S_24_06,TACCGGCTTGCA,TGCAAGCCGGTA
21_x_1_R-Plate4A7,21.x.1.R,Plate4,A7,2,5.8SFun_S_24_09,TACCGCCTCGGA,TCCGAGGCGGTA,ITS4Fun_S_24_07,CACCTTACCTTA,TAAGGTAAGGTG
23_x_1_R-Plate4A8,23.x.1.R,Plate4,A8,2,5.8SFun_S_24_09,TACCGCCTCGGA,TCCGAGGCGGTA,ITS4Fun_S_24_08,TTAACTGGAAGC,GCTTCCAGTTAA
1_1_4_S-Plate4A9,1.1.4.S,Plate4,A9,2,5.8SFun_S_24_09,TACCGCCTCGGA,TCCGAGGCGGTA,ITS4Fun_S_24_09,TACCGCCTCGGA,TCCGAGGCGGTA
15_1_4_S-Plate4A10,15.1.4.S,Plate4,A10,2,5.8SFun_S_24_09,TACCGCCTCGGA,TCCGAGGCGGTA,ITS4Fun_S_24_10,ACTTTAAGGGTG,CACCCTTAAAGT
23_2_2_S-Plate4A11,23.2.2.S,Plate4,A11,2,5.8SFun_S_24_09,TACCGCCTCGGA,TCCGAGGCGGTA,ITS4Fun_S_24_11,CCATCACATAGG,CCTATGTGATGG
1_x_2_R-Plate4B1,1.x.2.R,Plate4,B1,2,5.8SFun_S_24_10,ACTTTAAGGGTG,CACCCTTAAAGT,ITS4Fun_S_24_01,CCTAAACTACGG,CCGTAGTTTAGG
3_x_2_R-Plate4B2,3.x.2.R,Plate4,B2,2,5.8SFun_S_24_10,ACTTTAAGGGTG,CACCCTTAAAGT,ITS4Fun_S_24_02,GTGGTATGGGAG,CTCCCATACCAC
9_x_2_R-Plate4B3,9.x.2.R,Plate4,B3,2,5.8SFun_S_24_10,ACTTTAAGGGTG,CACCCTTAAAGT,ITS4Fun_S_24_03,TGTTGCGTTTCT,AGAAACGCAACA
13_x_2_R-Plate4B4,13.x.2.R,Plate4,B4,2,5.8SFun_S_24_10,ACTTTAAGGGTG,CACCCTTAAAGT,ITS4Fun_S_24_04,ACAGCCACCCAT,ATGGGTGGCTGT
15_x_2_R-Plate4B5,15.x.2.R,Plate4,B5,2,5.8SFun_S_24_10,ACTTTAAGGGTG,CACCCTTAAAGT,ITS4Fun_S_24_05,GTTACGTGGTTG,CAACCACGTAAC
17_x_2_R-Plate4B6,17.x.2.R,Plate4,B6,2,5.8SFun_S_24_10,ACTTTAAGGGTG,CACCCTTAAAGT,ITS4Fun_S_24_06,TACCGGCTTGCA,TGCAAGCCGGTA
21_x_2_R-Plate4B7,21.x.2.R,Plate4,B7,2,5.8SFun_S_24_10,ACTTTAAGGGTG,CACCCTTAAAGT,ITS4Fun_S_24_07,CACCTTACCTTA,TAAGGTAAGGTG
23_x_2_R-Plate4B8,23.x.2.R,Plate4,B8,2,5.8SFun_S_24_10,ACTTTAAGGGTG,CACCCTTAAAGT,ITS4Fun_S_24_08,TTAACTGGAAGC,GCTTCCAGTTAA
2_1_4_S-Plate4B9,2.1.4.S,Plate4,B9,2,5.8SFun_S_24_10,ACTTTAAGGGTG,CACCCTTAAAGT,ITS4Fun_S_24_09,TACCGCCTCGGA,TCCGAGGCGGTA
16_1_4_S-Plate4B10,16.1.4.S,Plate4,B10,2,5.8SFun_S_24_10,ACTTTAAGGGTG,CACCCTTAAAGT,ITS4Fun_S_24_10,ACTTTAAGGGTG,CACCCTTAAAGT
1_x_3_R-Plate4C1,1.x.3.R,Plate4,C1,2,5.8SFun_S_24_11,CCATCACATAGG,CCTATGTGATGG,ITS4Fun_S_24_01,CCTAAACTACGG,CCGTAGTTTAGG
3_x_3_R-Plate4C2,3.x.3.R,Plate4,C2,2,5.8SFun_S_24_11,CCATCACATAGG,CCTATGTGATGG,ITS4Fun_S_24_02,GTGGTATGGGAG,CTCCCATACCAC
9_x_3_R-Plate4C3,9.x.3.R,Plate4,C3,2,5.8SFun_S_24_11,CCATCACATAGG,CCTATGTGATGG,ITS4Fun_S_24_03,TGTTGCGTTTCT,AGAAACGCAACA
13_x_3_R-Plate4C4,13.x.3.R,Plate4,C4,2,5.8SFun_S_24_11,CCATCACATAGG,CCTATGTGATGG,ITS4Fun_S_24_04,ACAGCCACCCAT,ATGGGTGGCTGT
15_x_3_R-Plate4C5,15.x.3.R,Plate4,C5,2,5.8SFun_S_24_11,CCATCACATAGG,CCTATGTGATGG,ITS4Fun_S_24_05,GTTACGTGGTTG,CAACCACGTAAC
17_x_3_R-Plate4C6,17.x.3.R,Plate4,C6,2,5.8SFun_S_24_11,CCATCACATAGG,CCTATGTGATGG,ITS4Fun_S_24_06,TACCGGCTTGCA,TGCAAGCCGGTA
21_x_3_R-Plate4C7,21.x.3.R,Plate4,C7,2,5.8SFun_S_24_11,CCATCACATAGG,CCTATGTGATGG,ITS4Fun_S_24_07,CACCTTACCTTA,TAAGGTAAGGTG
23_x_3_R-Plate4C8,23.x.3.R,Plate4,C8,2,5.8SFun_S_24_11,CCATCACATAGG,CCTATGTGATGG,ITS4Fun_S_24_08,TTAACTGGAAGC,GCTTCCAGTTAA
3_1_4_S-Plate4C9,3.1.4.S,Plate4,C9,2,5.8SFun_S_24_11,CCATCACATAGG,CCTATGTGATGG,ITS4Fun_S_24_09,TACCGCCTCGGA,TCCGAGGCGGTA
17_1_4_S-Plate4C10,17.1.4.S,Plate4,C10,2,5.8SFun_S_24_11,CCATCACATAGG,CCTATGTGATGG,ITS4Fun_S_24_10,ACTTTAAGGGTG,CACCCTTAAAGT
1_x_4_R-Plate4D1,1.x.4.R,Plate4,D1,2,5.8SFun_S_24_12,GAGCAACATCCT,AGGATGTTGCTC,ITS4Fun_S_24_01,CCTAAACTACGG,CCGTAGTTTAGG
3_x_4_R-Plate4D2,3.x.4.R,Plate4,D2,2,5.8SFun_S_24_12,GAGCAACATCCT,AGGATGTTGCTC,ITS4Fun_S_24_02,GTGGTATGGGAG,CTCCCATACCAC
9_x_4_R-Plate4D3,9.x.4.R,Plate4,D3,2,5.8SFun_S_24_12,GAGCAACATCCT,AGGATGTTGCTC,ITS4Fun_S_24_03,TGTTGCGTTTCT,AGAAACGCAACA
13_x_4_R-Plate4D4,13.x.4.R,Plate4,D4,2,5.8SFun_S_24_12,GAGCAACATCCT,AGGATGTTGCTC,ITS4Fun_S_24_04,ACAGCCACCCAT,ATGGGTGGCTGT
15_x_4_R-Plate4D5,15.x.4.R,Plate4,D5,2,5.8SFun_S_24_12,GAGCAACATCCT,AGGATGTTGCTC,ITS4Fun_S_24_05,GTTACGTGGTTG,CAACCACGTAAC
17_x_4_R-Plate4D6,17.x.4.R,Plate4,D6,2,5.8SFun_S_24_12,GAGCAACATCCT,AGGATGTTGCTC,ITS4Fun_S_24_06,TACCGGCTTGCA,TGCAAGCCGGTA
21_x_4_R-Plate4D7,21.x.4.R,Plate4,D7,2,5.8SFun_S_24_12,GAGCAACATCCT,AGGATGTTGCTC,ITS4Fun_S_24_07,CACCTTACCTTA,TAAGGTAAGGTG
23_x_4_R-Plate4D8,23.x.4.R,Plate4,D8,2,5.8SFun_S_24_12,GAGCAACATCCT,AGGATGTTGCTC,ITS4Fun_S_24_08,TTAACTGGAAGC,GCTTCCAGTTAA
8_1_4_S-Plate4D9,8.1.4.S,Plate4,D9,2,5.8SFun_S_24_12,GAGCAACATCCT,AGGATGTTGCTC,ITS4Fun_S_24_09,TACCGCCTCGGA,TCCGAGGCGGTA
20_1_4_S-Plate4D10,20.1.4.S,Plate4,D10,2,5.8SFun_S_24_12,GAGCAACATCCT,AGGATGTTGCTC,ITS4Fun_S_24_10,ACTTTAAGGGTG,CACCCTTAAAGT
2_x_1_R-Plate4E1,2.x.1.R,Plate4,E1,2,5.8SFun_S_24_13,ATGTCCGACCAA,TTGGTCGGACAT,ITS4Fun_S_24_01,CCTAAACTACGG,CCGTAGTTTAGG
8_x_1_R-Plate4E2,8.x.1.R,Plate4,E2,2,5.8SFun_S_24_13,ATGTCCGACCAA,TTGGTCGGACAT,ITS4Fun_S_24_02,GTGGTATGGGAG,CTCCCATACCAC
11_x_1_R-Plate4E3,11.x.1.R,Plate4,E3,2,5.8SFun_S_24_13,ATGTCCGACCAA,TTGGTCGGACAT,ITS4Fun_S_24_03,TGTTGCGTTTCT,AGAAACGCAACA
14_x_1_R-Plate4E4,14.x.1.R,Plate4,E4,2,5.8SFun_S_24_13,ATGTCCGACCAA,TTGGTCGGACAT,ITS4Fun_S_24_04,ACAGCCACCCAT,ATGGGTGGCTGT
16_x_1_R-Plate4E5,16.x.1.R,Plate4,E5,2,5.8SFun_S_24_13,ATGTCCGACCAA,TTGGTCGGACAT,ITS4Fun_S_24_05,GTTACGTGGTTG,CAACCACGTAAC
20_x_1_R-Plate4E6,20.x.1.R,Plate4,E6,2,5.8SFun_S_24_13,ATGTCCGACCAA,TTGGTCGGACAT,ITS4Fun_S_24_06,TACCGGCTTGCA,TGCAAGCCGGTA
22_x_1_R-Plate4E7,22.x.1.R,Plate4,E7,2,5.8SFun_S_24_13,ATGTCCGACCAA,TTGGTCGGACAT,ITS4Fun_S_24_07,CACCTTACCTTA,TAAGGTAAGGTG
24_x_1_R-Plate4E8,24.x.1.R,Plate4,E8,2,5.8SFun_S_24_13,ATGTCCGACCAA,TTGGTCGGACAT,ITS4Fun_S_24_08,TTAACTGGAAGC,GCTTCCAGTTAA
9_1_4_S-Plate4E9,9.1.4.S,Plate4,E9,2,5.8SFun_S_24_13,ATGTCCGACCAA,TTGGTCGGACAT,ITS4Fun_S_24_09,TACCGCCTCGGA,TCCGAGGCGGTA
21_1_4_S-Plate4E10,21.1.4.S,Plate4,E10,2,5.8SFun_S_24_13,ATGTCCGACCAA,TTGGTCGGACAT,ITS4Fun_S_24_10,ACTTTAAGGGTG,CACCCTTAAAGT
2_x_2_R-Plate4F1,2.x.2.R,Plate4,F1,2,5.8SFun_S_24_14,TGTCTCGCAAGC,GCTTGCGAGACA,ITS4Fun_S_24_01,CCTAAACTACGG,CCGTAGTTTAGG
8_x_2_R-Plate4F2,8.x.2.R,Plate4,F2,2,5.8SFun_S_24_14,TGTCTCGCAAGC,GCTTGCGAGACA,ITS4Fun_S_24_02,GTGGTATGGGAG,CTCCCATACCAC
11_x_2_R-Plate4F3,11.x.2.R,Plate4,F3,2,5.8SFun_S_24_14,TGTCTCGCAAGC,GCTTGCGAGACA,ITS4Fun_S_24_03,TGTTGCGTTTCT,AGAAACGCAACA
14_x_2_R-Plate4F4,14.x.2.R,Plate4,F4,2,5.8SFun_S_24_14,TGTCTCGCAAGC,GCTTGCGAGACA,ITS4Fun_S_24_04,ACAGCCACCCAT,ATGGGTGGCTGT
16_x_2_R-Plate4F5,16.x.2.R,Plate4,F5,2,5.8SFun_S_24_14,TGTCTCGCAAGC,GCTTGCGAGACA,ITS4Fun_S_24_05,GTTACGTGGTTG,CAACCACGTAAC
20_x_2_R-Plate4F6,20.x.2.R,Plate4,F6,2,5.8SFun_S_24_14,TGTCTCGCAAGC,GCTTGCGAGACA,ITS4Fun_S_24_06,TACCGGCTTGCA,TGCAAGCCGGTA
22_x_2_R-Plate4F7,22.x.2.R,Plate4,F7,2,5.8SFun_S_24_14,TGTCTCGCAAGC,GCTTGCGAGACA,ITS4Fun_S_24_07,CACCTTACCTTA,TAAGGTAAGGTG
24_x_2_R-Plate4F8,24.x.2.R,Plate4,F8,2,5.8SFun_S_24_14,TGTCTCGCAAGC,GCTTGCGAGACA,ITS4Fun_S_24_08,TTAACTGGAAGC,GCTTCCAGTTAA
11_1_4_S-Plate4F9,11.1.4.S,Plate4,F9,2,5.8SFun_S_24_14,TGTCTCGCAAGC,GCTTGCGAGACA,ITS4Fun_S_24_09,TACCGCCTCGGA,TCCGAGGCGGTA
22_1_4_S-Plate4F10,22.1.4.S,Plate4,F10,2,5.8SFun_S_24_14,TGTCTCGCAAGC,GCTTGCGAGACA,ITS4Fun_S_24_10,ACTTTAAGGGTG,CACCCTTAAAGT
2_x_3_R-Plate4G1,2.x.3.R,Plate4,G1,2,5.8SFun_S_24_15,CGCGGTTACTAA,TTAGTAACCGCG,ITS4Fun_S_24_01,CCTAAACTACGG,CCGTAGTTTAGG
8_x_3_R-Plate4G2,8.x.3.R,Plate4,G2,2,5.8SFun_S_24_15,CGCGGTTACTAA,TTAGTAACCGCG,ITS4Fun_S_24_02,GTGGTATGGGAG,CTCCCATACCAC
11_x_3_R-Plate4G3,11.x.3.R,Plate4,G3,2,5.8SFun_S_24_15,CGCGGTTACTAA,TTAGTAACCGCG,ITS4Fun_S_24_03,TGTTGCGTTTCT,AGAAACGCAACA
14_x_3_R-Plate4G4,14.x.3.R,Plate4,G4,2,5.8SFun_S_24_15,CGCGGTTACTAA,TTAGTAACCGCG,ITS4Fun_S_24_04,ACAGCCACCCAT,ATGGGTGGCTGT
16_x_3_R-Plate4G5,16.x.3.R,Plate4,G5,2,5.8SFun_S_24_15,CGCGGTTACTAA,TTAGTAACCGCG,ITS4Fun_S_24_05,GTTACGTGGTTG,CAACCACGTAAC
20_x_3_R-Plate4G6,20.x.3.R,Plate4,G6,2,5.8SFun_S_24_15,CGCGGTTACTAA,TTAGTAACCGCG,ITS4Fun_S_24_06,TACCGGCTTGCA,TGCAAGCCGGTA
22_x_3_R-Plate4G7,22.x.3.R,Plate4,G7,2,5.8SFun_S_24_15,CGCGGTTACTAA,TTAGTAACCGCG,ITS4Fun_S_24_07,CACCTTACCTTA,TAAGGTAAGGTG
24_x_3_R-Plate4G8,24.x.3.R,Plate4,G8,2,5.8SFun_S_24_15,CGCGGTTACTAA,TTAGTAACCGCG,ITS4Fun_S_24_08,TTAACTGGAAGC,GCTTCCAGTTAA
13_1_4_S-Plate4G9,13.1.4.S,Plate4,G9,2,5.8SFun_S_24_15,CGCGGTTACTAA,TTAGTAACCGCG,ITS4Fun_S_24_09,TACCGCCTCGGA,TCCGAGGCGGTA
23_1_4_S-Plate4G10,23.1.4.S,Plate4,G10,2,5.8SFun_S_24_15,CGCGGTTACTAA,TTAGTAACCGCG,ITS4Fun_S_24_10,ACTTTAAGGGTG,CACCCTTAAAGT
2_x_4_R-Plate4H1,2.x.4.R,Plate4,H1,2,5.8SFun_S_24_16,GAGACTATATGC,GCATATAGTCTC,ITS4Fun_S_24_01,CCTAAACTACGG,CCGTAGTTTAGG
8_x_4_R-Plate4H2,8.x.4.R,Plate4,H2,2,5.8SFun_S_24_16,GAGACTATATGC,GCATATAGTCTC,ITS4Fun_S_24_02,GTGGTATGGGAG,CTCCCATACCAC
11_x_4_R-Plate4H3,11.x.4.R,Plate4,H3,2,5.8SFun_S_24_16,GAGACTATATGC,GCATATAGTCTC,ITS4Fun_S_24_03,TGTTGCGTTTCT,AGAAACGCAACA
14_x_4_R-Plate4H4,14.x.4.R,Plate4,H4,2,5.8SFun_S_24_16,GAGACTATATGC,GCATATAGTCTC,ITS4Fun_S_24_04,ACAGCCACCCAT,ATGGGTGGCTGT
16_x_4_R-Plate4H5,16.x.4.R,Plate4,H5,2,5.8SFun_S_24_16,GAGACTATATGC,GCATATAGTCTC,ITS4Fun_S_24_05,GTTACGTGGTTG,CAACCACGTAAC
20_x_4_R-Plate4H6,20.x.4.R,Plate4,H6,2,5.8SFun_S_24_16,GAGACTATATGC,GCATATAGTCTC,ITS4Fun_S_24_06,TACCGGCTTGCA,TGCAAGCCGGTA
22_x_4_R-Plate4H7,22.x.4.R,Plate4,H7,2,5.8SFun_S_24_16,GAGACTATATGC,GCATATAGTCTC,ITS4Fun_S_24_07,CACCTTACCTTA,TAAGGTAAGGTG
24_x_4_R-Plate4H8,24.x.4.R,Plate4,H8,2,5.8SFun_S_24_16,GAGACTATATGC,GCATATAGTCTC,ITS4Fun_S_24_08,TTAACTGGAAGC,GCTTCCAGTTAA
14_1_4_S-Plate4H9,14.1.4.S,Plate4,H9,2,5.8SFun_S_24_16,GAGACTATATGC,GCATATAGTCTC,ITS4Fun_S_24_09,TACCGCCTCGGA,TCCGAGGCGGTA
24_1_4_S-Plate4H10,24.1.4.S,Plate4,H10,2,5.8SFun_S_24_16,GAGACTATATGC,GCATATAGTCTC,ITS4Fun_S_24_10,ACTTTAAGGGTG,CACCCTTAAAGT
PCRBlank4a-Plate4F12,PCRBlank4a,Plate4,F12,2,5.8SFun_S_24_14,TGTCTCGCAAGC,GCTTGCGAGACA,ITS4Fun_S_24_12,GAGCAACATCCT,AGGATGTTGCTC
FungalMock4-Plate4G12,FungalMock4,Plate4,G12,2,5.8SFun_S_24_15,CGCGGTTACTAA,TTAGTAACCGCG,ITS4Fun_S_24_12,GAGCAACATCCT,AGGATGTTGCTC
